{
    "10.0": {
        "R10001": {
            "id": 10001,
            "type": "rectangle",
            "nodes": [
                "n10002",
                "n10003",
                "n10004",
                "n6"
            ],
            "node_coordinates": [
                [
                    6.666666666666666,
                    0.0,
                    10.0
                ],
                [
                    6.666666666666666,
                    3.3333333333333335,
                    10.0
                ],
                [
                    10.0,
                    3.3333333333333335,
                    10.0
                ],
                [
                    10.0,
                    0.0,
                    10.0
                ]
            ],
            "shell_section": "floor_slab1",
            "thickness": 6,
            "load_case_names": [
                "DL",
                "LL",
                "self_weight"
            ],
            "pressures": [
                -0.02,
                -0.045,
                -0.075
            ],
            "z_coord": 10.0
        },
        "R10002": {
            "id": 10002,
            "type": "rectangle",
            "nodes": [
                "n10006",
                "n10005",
                "n10003",
                "n10002"
            ],
            "node_coordinates": [
                [
                    3.3333333333333326,
                    0.0,
                    10.0
                ],
                [
                    3.3333333333333326,
                    3.3333333333333335,
                    10.0
                ],
                [
                    6.666666666666666,
                    3.3333333333333335,
                    10.0
                ],
                [
                    6.666666666666666,
                    0.0,
                    10.0
                ]
            ],
            "shell_section": "floor_slab1",
            "thickness": 6,
            "load_case_names": [
                "DL",
                "LL",
                "self_weight"
            ],
            "pressures": [
                -0.02,
                -0.045,
                -0.075
            ],
            "z_coord": 10.0
        },
        "R10003": {
            "id": 10003,
            "type": "rectangle",
            "nodes": [
                "n5",
                "n10008",
                "n10005",
                "n10006"
            ],
            "node_coordinates": [
                [
                    0.0,
                    0.0,
                    10.0
                ],
                [
                    0.0,
                    3.3333333333333335,
                    10.0
                ],
                [
                    3.3333333333333326,
                    3.3333333333333335,
                    10.0
                ],
                [
                    3.3333333333333326,
                    0.0,
                    10.0
                ]
            ],
            "shell_section": "floor_slab1",
            "thickness": 6,
            "load_case_names": [
                "DL",
                "LL",
                "self_weight"
            ],
            "pressures": [
                -0.02,
                -0.045,
                -0.075
            ],
            "z_coord": 10.0
        },
        "R10004": {
            "id": 10004,
            "type": "rectangle",
            "nodes": [
                "n10003",
                "n10009",
                "n10010",
                "n10004"
            ],
            "node_coordinates": [
                [
                    6.666666666666666,
                    3.3333333333333335,
                    10.0
                ],
                [
                    6.666666666666666,
                    6.666666666666667,
                    10.0
                ],
                [
                    10.0,
                    6.666666666666667,
                    10.0
                ],
                [
                    10.0,
                    3.3333333333333335,
                    10.0
                ]
            ],
            "shell_section": "floor_slab1",
            "thickness": 6,
            "load_case_names": [
                "DL",
                "LL",
                "self_weight"
            ],
            "pressures": [
                -0.02,
                -0.045,
                -0.075
            ],
            "z_coord": 10.0
        },
        "R10005": {
            "id": 10005,
            "type": "rectangle",
            "nodes": [
                "n10005",
                "n10011",
                "n10009",
                "n10003"
            ],
            "node_coordinates": [
                [
                    3.3333333333333326,
                    3.3333333333333335,
                    10.0
                ],
                [
                    3.3333333333333326,
                    6.666666666666667,
                    10.0
                ],
                [
                    6.666666666666666,
                    6.666666666666667,
                    10.0
                ],
                [
                    6.666666666666666,
                    3.3333333333333335,
                    10.0
                ]
            ],
            "shell_section": "floor_slab1",
            "thickness": 6,
            "load_case_names": [
                "DL",
                "LL",
                "self_weight"
            ],
            "pressures": [
                -0.02,
                -0.045,
                -0.075
            ],
            "z_coord": 10.0
        },
        "R10006": {
            "id": 10006,
            "type": "rectangle",
            "nodes": [
                "n10008",
                "n10012",
                "n10011",
                "n10005"
            ],
            "node_coordinates": [
                [
                    0.0,
                    3.3333333333333335,
                    10.0
                ],
                [
                    0.0,
                    6.666666666666667,
                    10.0
                ],
                [
                    3.3333333333333326,
                    6.666666666666667,
                    10.0
                ],
                [
                    3.3333333333333326,
                    3.3333333333333335,
                    10.0
                ]
            ],
            "shell_section": "floor_slab1",
            "thickness": 6,
            "load_case_names": [
                "DL",
                "LL",
                "self_weight"
            ],
            "pressures": [
                -0.02,
                -0.045,
                -0.075
            ],
            "z_coord": 10.0
        },
        "R10007": {
            "id": 10007,
            "type": "rectangle",
            "nodes": [
                "n10009",
                "n10013",
                "n8",
                "n10010"
            ],
            "node_coordinates": [
                [
                    6.666666666666666,
                    6.666666666666667,
                    10.0
                ],
                [
                    6.666666666666666,
                    10.0,
                    10.0
                ],
                [
                    10.0,
                    10.0,
                    10.0
                ],
                [
                    10.0,
                    6.666666666666667,
                    10.0
                ]
            ],
            "shell_section": "floor_slab1",
            "thickness": 6,
            "load_case_names": [
                "DL",
                "LL",
                "self_weight"
            ],
            "pressures": [
                -0.02,
                -0.045,
                -0.075
            ],
            "z_coord": 10.0
        },