{
    "0.0": {
        "R34001": {
            "id": 34001,
            "type": "rectangle",
            "nodes": [
                "n34002",
                "n34003",
                "n10002",
                "n18"
            ],
            "node_coordinates": [
                [
                    10.0,
                    0.0,
                    6.666666666666666
                ],
                [
                    6.666666666666666,
                    0.0,
                    6.666666666666666
                ],
                [
                    6.666666666666666,
                    0.0,
                    10.0
                ],
                [
                    10.0,
                    0.0,
                    10.0
                ]
            ],
            "shell_section": "floor_slab1",
            "thickness": 0.5,
            "load_case_names": [
                "DL",
                "LL",
                "self_weight"
            ],
            "pressures": [
                -0.02,
                -0.045,
                -0.075
            ],
            "y_coord": 0.0
        },
        "R34002": {
            "id": 34002,
            "type": "rectangle",
            "nodes": [
                "n34006",
                "n34005",
                "n34003",
                "n34002"
            ],
            "node_coordinates": [
                [
                    10.0,
                    0.0,
                    3.3333333333333326
                ],
                [
                    6.666666666666666,
                    0.0,
                    3.3333333333333326
                ],
                [
                    6.666666666666666,
                    0.0,
                    6.666666666666666
                ],
                [
                    10.0,
                    0.0,
                    6.666666666666666
                ]
            ],
            "shell_section": "floor_slab1",
            "thickness": 0.5,
            "load_case_names": [
                "DL",
                "LL",
                "self_weight"
            ],
            "pressures": [
                -0.02,
                -0.045,
                -0.075
            ],
            "y_coord": 0.0
        },
        "R34003": {
            "id": 34003,
            "type": "rectangle",
            "nodes": [
                "n2",
                "n34008",
                "n34005",
                "n34006"
            ],
            "node_coordinates": [
                [
                    10.0,
                    0.0,
                    0.0
                ],
                [
                    6.666666666666666,
                    0.0,
                    0.0
                ],
                [
                    6.666666666666666,
                    0.0,
                    3.3333333333333326
                ],
                [
                    10.0,
                    0.0,
                    3.3333333333333326
                ]
            ],
            "shell_section": "floor_slab1",
            "thickness": 0.5,
            "load_case_names": [
                "DL",
                "LL",
                "self_weight"
            ],
            "pressures": [
                -0.02,
                -0.045,
                -0.075
            ],
            "y_coord": 0.0
        },
        "R34004": {
            "id": 34004,
            "type": "rectangle",
            "nodes": [
                "n34003",
                "n34009",
                "n10006",
                "n10002"
            ],
            "node_coordinates": [
                [
                    6.666666666666666,
                    0.0,
                    6.666666666666666
                ],
                [
                    3.3333333333333326,
                    0.0,
                    6.666666666666666
                ],
                [
                    3.3333333333333326,
                    0.0,
                    10.0
                ],
                [
                    6.666666666666666,
                    0.0,
                    10.0
                ]
            ],
            "shell_section": "floor_slab1",
            "thickness": 0.5,
            "load_case_names": [
                "DL",
                "LL",
                "self_weight"
            ],
            "pressures": [
                -0.02,
                -0.045,
                -0.075
            ],
            "y_coord": 0.0
        },
        "R34005": {
            "id": 34005,
            "type": "rectangle",
            "nodes": [
                "n34005",
                "n34011",
                "n34009",
                "n34003"
            ],
            "node_coordinates": [
                [
                    6.666666666666666,
                    0.0,
                    3.3333333333333326
                ],
                [
                    3.3333333333333326,
                    0.0,
                    3.3333333333333326
                ],
                [
                    3.3333333333333326,
                    0.0,
                    6.666666666666666
                ],
                [
                    6.666666666666666,
                    0.0,
                    6.666666666666666
                ]
            ],
            "shell_section": "floor_slab1",
            "thickness": 0.5,
            "load_case_names": [
                "DL",
                "LL",
                "self_weight"
            ],
            "pressures": [
                -0.02,
                -0.045,
                -0.075
            ],
            "y_coord": 0.0
        },
        "R34006": {
            "id": 34006,
            "type": "rectangle",
            "nodes": [
                "n34008",
                "n34012",
                "n34011",
                "n34005"
            ],
            "node_coordinates": [
                [
                    6.666666666666666,
                    0.0,
                    0.0
                ],
                [
                    3.3333333333333326,
                    0.0,
                    0.0
                ],
                [
                    3.3333333333333326,
                    0.0,
                    3.3333333333333326
                ],
                [
                    6.666666666666666,
                    0.0,
                    3.3333333333333326
                ]
            ],
            "shell_section": "floor_slab1",
            "thickness": 0.5,
            "load_case_names": [
                "DL",
                "LL",
                "self_weight"
            ],
            "pressures": [
                -0.02,
                -0.045,
                -0.075
            ],
            "y_coord": 0.0
        },
        "R34007": {
            "id": 34007,
            "type": "rectangle",
            "nodes": [
                "n34009",
                "n34013",
                "n17",
                "n10006"
            ],
            "node_coordinates": [
                [
                    3.3333333333333326,
                    0.0,
                    6.666666666666666
                ],
                [
                    0.0,
                    0.0,
                    6.666666666666666
                ],
                [
                    0.0,
                    0.0,
                    10.0
                ],
                [
                    3.3333333333333326,
                    0.0,
                    10.0
                ]
            ],
            "shell_section": "floor_slab1",
            "thickness": 0.5,
            "load_case_names": [
                "DL",
                "LL",
                "self_weight"
            ],
            "pressures": [
                -0.02,
                -0.045,
                -0.075
            ],
            "y_coord": 0.0
        },