{
    "elements": [
        {
            "name": "A",
            "Dx": 500,
            "Dy": 1750,
            "x": 0,
            "y": 22.895,
            "weight": 10,
            "type": "rectangular",
            "kx": 18229166666.666664,
            "ky": 223307291666.66666,
            "A": 875000,
            "kx_y": 417356770833333.25,
            "ky_x": 0.0,
            "x_A": 0,
            "y_A": 200331250000.0,
            "xr": 363760.9076859531,
            "yr": 22377.291981739625,
            "ky_xr2": 2.9548466992483336e+16,
            "kx_yr2": 9128131185031.768,
            "Fy": -17.256424418796332,
            "Fx": -0.038162944957352916
        },
        {
            "name": "B",
            "Dx": 500,
            "Dy": 500,
            "x": 6,
            "y": 23.52,
            "weight": 10,
            "type": "rectangular",
            "kx": 5208333333.333333,
            "ky": 5208333333.333333,
            "A": 250000,
            "kx_y": 122500000000000.0,
            "ky_x": 31250000000000.0,
            "x_A": 15000000000,
            "y_A": 58800000000.0,
            "xr": 357760.9076859531,
            "yr": 23002.291981739625,
            "ky_xr2": 666629515980609.6,
            "kx_yr2": 2755757481318.7656,
            "Fy": -0.3995586048458264,
            "Fx": -0.011208239949019018
        },
        {
            "name": "C",
            "Dx": 500,
            "Dy": 500,
            "x": 15,
            "y": 23.52,
            "weight": 10,
            "type": "rectangular",
            "kx": 5208333333.333333,
            "ky": 5208333333.333333,
            "A": 250000,
            "kx_y": 122500000000000.0,
            "ky_x": 78125000000000.0,
            "x_A": 37500000000,
            "y_A": 58800000000.0,
            "xr": 348760.9076859531,
            "yr": 23002.291981739625,
            "ky_xr2": 633511305885051.5,
            "kx_yr2": 2755757481318.7656,
            "Fy": -0.3951732088330617,
            "Fx": -0.011208239949019018
        },
        {
            "name": "D",
            "Dx": 500,
            "Dy": 500,
            "x": 21,
            "y": 23.52,
            "weight": 10,
            "type": "rectangular",
            "kx": 5208333333.333333,
            "ky": 5208333333.333333,
            "A": 250000,
            "kx_y": 122500000000000.0,
            "ky_x": 109375000000000.0,
            "x_A": 52500000000,
            "y_A": 58800000000.0,
            "xr": 342760.9076859531,
            "yr": 23002.291981739625,
            "ky_xr2": 611901249154679.5,
            "kx_yr2": 2755757481318.7656,
            "Fy": -0.3922496114912185,
            "Fx": -0.011208239949019018
        },
        {
            "name": "E",
            "Dx": 300,
            "Dy": 700,
            "x": 0,
            "y": 15.35,
            "weight": 10,
            "type": "rectangular",
            "kx": 1574999999.9999998,
            "ky": 8575000000.0,
            "A": 210000,
            "kx_y": 24176249999999.996,
            "ky_x": 0.0,
            "x_A": 0,
            "y_A": 32235000000.0,
            "xr": 363760.9076859531,
            "yr": 14832.291981739625,
            "ky_xr2": 1134661132511360.2,
            "kx_yr2": 346495094554.7346,
            "Fy": -0.6626466976817792,
            "Fx": -0.002185527930327279
        },
        {
            "name": "F",
            "Dx": 700,
            "Dy": 300,
            "x": 6,
            "y": 15.35,
            "weight": 10,
            "type": "rectangular",
            "kx": 8575000000.0,
            "ky": 1574999999.9999998,
            "A": 210000,
            "kx_y": 131626250000000.0,
            "ky_x": 9449999999999.998,
            "x_A": 12600000000,
            "y_A": 32235000000.0,
            "xr": 357760.9076859531,
            "yr": 14832.291981739625,
            "ky_xr2": 201588765632536.34,
            "kx_yr2": 1886473292575.7776,
            "Fy": -0.12082652210537788,
            "Fx": -0.01189898539844852
        },
        {
            "name": "G",
            "Dx": 700,
            "Dy": 300,
            "x": 15,
            "y": 15.35,
            "weight": 10,
            "type": "rectangular",
            "kx": 8575000000.0,
            "ky": 1574999999.9999998,
            "A": 210000,
            "kx_y": 131626250000000.0,
            "ky_x": 23624999999999.996,
            "x_A": 31500000000,
            "y_A": 32235000000.0,
            "xr": 348760.9076859531,
            "yr": 14832.291981739625,
            "ky_xr2": 191573818899639.56,
            "kx_yr2": 1886473292575.7776,
            "Fy": -0.11950037835111782,
            "Fx": -0.01189898539844852
        },
        {
            "name": "H",
            "Dx": 300,
            "Dy": 700,
            "x": 21,
            "y": 15.35,
            "weight": 10,
            "type": "rectangular",
            "kx": 1574999999.9999998,
            "ky": 8575000000.0,
            "A": 210000,
            "kx_y": 24176249999999.996,
            "ky_x": 180075000000000.0,
            "x_A": 44100000000,
            "y_A": 32235000000.0,
            "xr": 342760.9076859531,
            "yr": 14832.291981739625,
            "ky_xr2": 1007434216608264.4,
            "kx_yr2": 346495094554.7346,
            "Fy": -0.6457997603591421,
            "Fx": -0.002185527930327279
        },
        {
            "name": "W1",
            "length": 3000,
            "thickness": 200,
            "height": 3000,
            "x": 10,
            "y": 10,
            "weight": 10,
            "type": "wall",
            "orientation": "y",
            "kx": 2000000000.0,
            "ky": 450000000000.0,
            "A": 600000,
            "kx_y": 20000000000000.0,
            "ky_x": 4500000000000000.0,
            "x_A": 60000000000,
            "y_A": 60000000000,
            "xr": 353760.9076859531,
            "yr": 9482.291981739625,
            "ky_xr2": 5.631605091305525e+16,
            "kx_yr2": 179827722453.92715,
            "Fy": -34.353464251789234,
            "Fx": -0.0017742338324732573
        },
        {
            "name": "W2",
            "length": 4000,
            "thickness": 250,
            "height": 3000,
            "x": 15,
            "y": 5,
            "weight": 10,
            "type": "wall",
            "orientation": "y",
            "kx": 5208333333.333333,
            "ky": 1333333333333.3333,
            "A": 1000000,
            "kx_y": 26041666666666.664,
            "ky_x": 2e+16,
            "x_A": 150000000000,
            "y_A": 50000000000,
            "xr": 348760.9076859531,
            "yr": 4482.291981739626,
            "ky_xr2": 1.621788943065732e+17,
            "kx_yr2": 104640319841.49655,
            "Fy": -101.16434146126379,
            "Fx": -0.002184069487196477
        },
        {
            "name": "W3",
            "length": 2500,
            "thickness": 200,
            "height": 3000,
            "x": 5,
            "y": 12,
            "weight": 10,
            "type": "wall",
            "orientation": "x",
            "kx": 1666666666.6666667,
            "ky": 260416666666.66666,
            "A": 500000,
            "kx_y": 20000000000000.0,
            "ky_x": 1302083333333333.2,
            "x_A": 25000000000,
            "y_A": 60000000000,
            "xr": 358760.9076859531,
            "yr": 11482.291981739625,
            "ky_xr2": 3.3518070021783584e+16,
            "kx_yr2": 219738381923.2035,
            "Fy": -20.002293553473343,
            "Fx": -0.0017903785768576513
        },
        {
            "name": "CC1",
            "diameter": 500,
            "x": 3,
            "y": 3,
            "weight": 10,
            "type": "circular",
            "kx": 3067961575.771282,
            "ky": 3067961575.771282,
            "A": 196349.54084936206,
            "kx_y": 9203884727313.846,
            "ky_x": 9203884727313.846,
            "x_A": 5890486225.480862,