{
  "10.0": {
    "total_mass": 22.958333333333336,
    "center_of_mass": [
      4.999999999999998,
      5.0,
      10.0
    ],
    "z_level": 10.0,
    "com_node": {
      "id": 10000000,
      "name": "COM_10.00",
      "x": 4.999999999999998,
      "y": 5.0,
      "z": 10.0,
      "is_com_node": true,
      "mass": 22.958333333333336
    },
    "nodes_at_level": [
      {
        "id": 5,
        "name": "n5",
        "x": 0.0,
        "y": 0.0,
        "z": 10.0
      },
      {
        "id": 6,
        "name": "n6",
        "x": 10.0,
        "y": 0.0,
        "z": 10.0
      },
      {
        "id": 7,
        "name": "n7",
        "x": 0.0,
        "y": 10.0,
        "z": 10.0
      },
      {
        "id": 8,
        "name": "n8",
        "x": 10.0,
        "y": 10.0,
        "z": 10.0
      }
    ]
  }
}