{
    "elements": [
        {
            "name": "cz1",
            "type": "rectangular",
            "transType": "PDelta",
            "transTag": 1,
            "vecxz": [
                0.0,
                1.0,
                1.0
            ],
            "eleTag": 1,
            "node_i_id": 1,
            "node_j_id": 5,
            "numIntgrPts": 8,
            "secTag": 1,
            "length": 10.0,
            "B": 0.8333333333333333,
            "H": 0.8333333333333333,
            "t": 0.5,
            "area": 0.6944444444444443,
            "unit_weight": 0.15,
            "Iy": 0.04018775720164607,
            "Iz": 0.04018775720164607,
            "section_name": "col1",
            "rotation": 0
        },
        {
            "name": "cz2",
            "type": "rectangular",
            "transType": "PDelta",
            "transTag": 2,
            "vecxz": [
                0.0,
                1.0,
                1.0
            ],
            "eleTag": 2,
            "node_i_id": 2,
            "node_j_id": 6,
            "numIntgrPts": 8,
            "secTag": 1,
            "length": 10.0,
            "B": 0.8333333333333333,
            "H": 0.8333333333333333,
            "t": 0.5,
            "area": 0.6944444444444443,
            "unit_weight": 0.15,
            "Iy": 0.04018775720164607,
            "Iz": 0.04018775720164607,
            "section_name": "col1",
            "rotation": 0
        },
        {
            "name": "cz3",
            "type": "rectangular",
            "transType": "PDelta",
            "transTag": 3,
            "vecxz": [
                0.0,
                1.0,
                1.0
            ],
            "eleTag": 3,
            "node_i_id": 3,
            "node_j_id": 7,
            "numIntgrPts": 8,
            "secTag": 1,
            "length": 10.0,
            "B": 0.8333333333333333,
            "H": 0.8333333333333333,
            "t": 0.5,
            "area": 0.6944444444444443,
            "unit_weight": 0.15,
            "Iy": 0.04018775720164607,
            "Iz": 0.04018775720164607,
            "section_name": "col1",
            "rotation": 0
        },
        {
            "name": "cz4",
            "type": "rectangular",
            "transType": "PDelta",
            "transTag": 4,
            "vecxz": [
                0.0,
                1.0,
                1.0
            ],
            "eleTag": 4,
            "node_i_id": 4,
            "node_j_id": 8,
            "numIntgrPts": 8,
            "secTag": 1,
            "length": 10.0,
            "B": 0.8333333333333333,
            "H": 0.8333333333333333,
            "t": 0.5,
            "area": 0.6944444444444443,
            "unit_weight": 0.15,
            "Iy": 0.04018775720164607,
            "Iz": 0.04018775720164607,
            "section_name": "col1",
            "rotation": 0
        },
        {
            "name": "bx7",
            "type": "rectangular",
            "transType": "Linear",
            "transTag": 7,
            "vecxz": [
                0.0,
                -1.0,
                0.0
            ],
            "eleTag": 7,
            "node_i_id": 5,
            "node_j_id": 6,
            "numIntgrPts": 8,
            "secTag": 3,
            "length": 10.0,
            "B": 0.8333333333333333,
            "H": 1.25,
            "t": 0.5,
            "area": 1.0416666666666665,
            "unit_weight": 0.15,
            "Iy": 0.13563368055555555,
            "Iz": 0.06028163580246911,
            "section_name": "beam1",
            "rotation": 0
        },
        {
            "name": "bx8",
            "type": "rectangular",
            "transType": "Linear",
            "transTag": 8,
            "vecxz": [
                0.0,
                -1.0,
                0.0
            ],
            "eleTag": 8,
            "node_i_id": 7,
            "node_j_id": 8,
            "numIntgrPts": 8,
            "secTag": 3,
            "length": 10.0,
            "B": 0.8333333333333333,
            "H": 1.25,
            "t": 0.5,
            "area": 1.0416666666666665,
            "unit_weight": 0.15,
            "Iy": 0.13563368055555555,
            "Iz": 0.06028163580246911,
            "section_name": "beam1",
            "rotation": 0
        },
        {
            "name": "by11",
            "type": "rectangular",
            "transType": "Linear",
            "transTag": 11,
            "vecxz": [
                1.0,
                0.0,
                0.0
            ],
            "eleTag": 11,
            "node_i_id": 5,
            "node_j_id": 7,
            "numIntgrPts": 8,
            "secTag": 4,
            "length": 10.0,
            "B": 1.0,
            "H": 1.25,
            "t": 0.5,
            "area": 1.25,
            "unit_weight": 0.15,
            "Iy": 0.16276041666666666,
            "Iz": 0.10416666666666667,
            "section_name": "beam2",
            "rotation": 0
        },
        {
            "name": "by12",
            "type": "rectangular",
            "transType": "Linear",
            "transTag": 12,
            "vecxz": [
                1.0,
                0.0,
                0.0
            ],
            "eleTag": 12,
            "node_i_id": 6,
            "node_j_id": 8,
            "numIntgrPts": 8,
            "secTag": 4,
            "length": 10.0,
            "B": 1.0,
            "H": 1.25,
            "t": 0.5,
            "area": 1.25,
            "unit_weight": 0.15,
            "Iy": 0.16276041666666666,
            "Iz": 0.10416666666666667,
            "section_name": "beam2",
            "rotation": 0
        }
    ],
    "nodes": [
        {
            "id": 1,
            "name": "n1",
            "x": 0.0,
            "y": 0.0,
            "z": 0.0
        },
        {
            "id": 2,
            "name": "n2",
            "x": 10.0,
            "y": 0.0,
            "z": 0.0
        },
        {
            "id": 3,
            "name": "n3",
            "x": 0.0,
            "y": 10.0,
            "z": 0.0
        },
        {
            "id": 4,
            "name": "n4",
            "x": 10.0,
            "y": 10.0,
            "z": 0.0
        },
        {
            "id": 5,
            "name": "n5",
            "x": 0.0,
            "y": 0.0,
            "z": 10.0
        },
        {
            "id": 6,
            "name": "n6",
            "x": 10.0,
            "y": 0.0,
            "z": 10.0
        },
        {
            "id": 7,
            "name": "n7",
            "x": 0.0,
            "y": 10.0,
            "z": 10.0
        },
        {
            "id": 8,
            "name": "n8",
            "x": 10.0,
            "y": 10.0,
            "z": 10.0
        }
    ],
    "sections": {
        "rectangular_columns": {
            "col1": {
                "type": "rectangular",
                "section_tag": 1,
                "H": 0.8333333333333333,
                "B": 0.8333333333333333,
                "cover_H": 0.125,
                "cover_B": 0.125,
                "core_tag": "Concrete2",
                "cover_tag": "Concrete1",
                "steel_tag": "Steel1",
                "n_bars_top": 4,
                "dia_top": 0.05208333333333333,
                "n_bars_bot": 4,
                "dia_bot": 0.05208333333333333,
                "n_bars_secondary_top": 2,
                "dia_sec_top": 0.05208333333333333,
                "n_bars_secondary_bot": 2,
                "dia_sec_bot": 0.05208333333333333,
                "n_bars_int": 4,
                "dia_int": 0.041666666666666664,
                "offset": 0.16666666666666666,
                "area": 0.6944444444444443,
                "unit_weight": 0.15,
                "rotation": 0.0,
                "Iy": 0.04018775720164607,
                "Iz": 0.04018775720164607
            },
            "col2": {
                "type": "rectangular",
                "section_tag": 2,
                "H": 2.0,