{
    "force_type": "My",
    "force_title": "Bending Moment (Y)",
    "scale_factor": 0.1,
    "max_force": 17.700434631751726,
    "load_combination": "combo",
    "elements": {
        "element_1": {
            "element_tag": 1,
            "nodes": [
                1,
                5
            ],
            "node_coords": [
                [
                    0.0,
                    0.0,
                    0.0
                ],
                [
                    0.0,
                    0.0,
                    11.5
                ]
            ],
            "force_type": "My",
            "force_values": [
                0.01486888500152211,
                0.016521496382466746,
                0.01817410776341138,
                0.01982671914435602,
                0.021479330525300655,
                0.02313194190624529,
                0.024784553287189925,
                0.02643716466813456,
                0.028089776049079196,
                0.029742387430023835
            ],
            "locations": [
                0.0,
                0.1111111111111111,
                0.2222222222222222,
                0.3333333333333333,
                0.4444444444444444,
                0.5555555555555556,
                0.6666666666666666,
                0.7777777777777777,
                0.8888888888888888,
                1.0
            ],
            "load_combination": "combo"
        },
        "element_2": {
            "element_tag": 2,
            "nodes": [
                2,
                6
            ],
            "node_coords": [
                [
                    20.0,
                    0.0,
                    0.0
                ],
                [
                    20.0,
                    0.0,
                    11.5
                ]
            ],
            "force_type": "My",
            "force_values": [
                -0.014868885001305373,
                -0.016521496382294536,
                -0.018174107763283705,
                -0.01982671914427287,
                -0.021479330525262037,
                -0.023131941906251202,
                -0.024784553287240368,
                -0.026437164668229533,
                -0.0280897760492187,
                -0.029742387430207868
            ],
            "locations": [
                0.0,
                0.1111111111111111,
                0.2222222222222222,
                0.3333333333333333,
                0.4444444444444444,
                0.5555555555555556,
                0.6666666666666666,
                0.7777777777777777,
                0.8888888888888888,
                1.0
            ],
            "load_combination": "combo"
        },
        "element_3": {
            "element_tag": 3,
            "nodes": [
                3,
                7
            ],
            "node_coords": [
                [
                    0.0,
                    23.0,
                    0.0
                ],
                [
                    0.0,
                    23.0,
                    11.5
                ]
            ],
            "force_type": "My",
            "force_values": [
                0.014868885001311638,
                0.016521496382315856,
                0.018174107763320076,
                0.019826719144324295,
                0.021479330525328515,
                0.023131941906332738,
                0.024784553287336954,
                0.026437164668341173,
                0.028089776049345393,
                0.029742387430349612
            ],
            "locations": [
                0.0,
                0.1111111111111111,
                0.2222222222222222,
                0.3333333333333333,
                0.4444444444444444,
                0.5555555555555556,
                0.6666666666666666,
                0.7777777777777777,
                0.8888888888888888,
                1.0
            ],
            "load_combination": "combo"
        },
        "element_4": {
            "element_tag": 4,
            "nodes": [
                4,
                8
            ],
            "node_coords": [
                [
                    20.0,
                    23.0,
                    0.0
                ],
                [
                    20.0,
                    23.0,
                    11.5
                ]
            ],
            "force_type": "My",
            "force_values": [
                -0.014868885001363935,
                -0.01652149638232523,
                -0.01817410776328653,
                -0.019826719144247825,
                -0.021479330525209124,
                -0.02313194190617042,
                -0.024784553287131715,
                -0.02643716466809301,
                -0.02808977604905431,
                -0.029742387430015605
            ],
            "locations": [
                0.0,
                0.1111111111111111,
                0.2222222222222222,
                0.3333333333333333,
                0.4444444444444444,
                0.5555555555555556,
                0.6666666666666666,
                0.7777777777777777,
                0.8888888888888888,
                1.0
            ],
            "load_combination": "combo"
        },
        "element_5": {
            "element_tag": 5,
            "nodes": [
                1,
                2
            ],
            "node_coords": [
                [
                    0.0,
                    0.0,
                    0.0
                ],
                [
                    20.0,
                    0.0,
                    0.0
                ]
            ],
            "force_type": "My",
            "force_values": [
                0.0,
                0.0,
                0.0,
                0.0,
                0.0,
                0.0,
                0.0,
                0.0,
                0.0,
                0.0
            ],
            "locations": [
                0.0,
                0.1111111111111111,
                0.2222222222222222,
                0.3333333333333333,
                0.4444444444444444,
                0.5555555555555556,
                0.6666666666666666,
                0.7777777777777777,
                0.8888888888888888,
                1.0
            ],
            "load_combination": "combo"
        },
        "element_6": {
            "element_tag": 6,
            "nodes": [
                3,
                4
            ],
            "node_coords": [
                [
                    0.0,
                    23.0,
                    0.0
                ],
                [
                    20.0,
                    23.0,
                    0.0
                ]
            ],
            "force_type": "My",
            "force_values": [
                0.0,
                0.0,
                0.0,
                0.0,
                0.0,
                0.0,
                0.0,
                0.0,
                0.0,
                0.0
            ],
            "locations": [
                0.0,
                0.1111111111111111,
                0.2222222222222222,
                0.3333333333333333,
                0.4444444444444444,
                0.5555555555555556,
                0.6666666666666666,
                0.7777777777777777,
                0.8888888888888888,
                1.0
            ],
            "load_combination": "combo"
        },
        "element_7": {
            "element_tag": 7,
            "nodes": [
                5,
                6
            ],
            "node_coords": [
                [
                    0.0,
                    0.0,
                    11.5
                ],
                [
                    20.0,
                    0.0,
                    11.5
                ]
            ],
            "force_type": "My",