{
    "force_type": "My",
    "force_title": "Bending Moment (Y)",
    "scale_factor": 0.1,
    "max_force": 321.20468997202113,
    "load_combination": "combo",
    "elements": {
        "element_1": {
            "element_tag": 1,
            "nodes": [
                1,
                5
            ],
            "node_coords": [
                [
                    0.0,
                    0.0,
                    0.0
                ],
                [
                    0.0,
                    0.0,
                    11.5
                ]
            ],
            "force_type": "My",
            "force_values": [
                -0.493950893075964,
                -0.5535774104554787,
                -0.6132039278349933,
                -0.672830445214508,
                -0.7324569625940227,
                -0.7920834799735373,
                -0.851709997353052,
                -0.9113365147325666,
                -0.9709630321120812,
                -1.030589549491596
            ],
            "locations": [
                0.0,
                0.1111111111111111,
                0.2222222222222222,
                0.3333333333333333,
                0.4444444444444444,
                0.5555555555555556,
                0.6666666666666666,
                0.7777777777777777,
                0.8888888888888888,
                1.0
            ],
            "load_combination": "combo"
        },
        "element_2": {
            "element_tag": 2,
            "nodes": [
                2,
                6
            ],
            "node_coords": [
                [
                    20.0,
                    0.0,
                    0.0
                ],
                [
                    20.0,
                    0.0,
                    11.5
                ]
            ],
            "force_type": "My",
            "force_values": [
                0.49395089307591866,
                0.5535774104554194,
                0.6132039278349204,
                0.6728304452144211,
                0.7324569625939219,
                0.7920834799734229,
                0.8517099973529236,
                0.9113365147324244,
                0.9709630321119253,
                1.0305895494914261
            ],
            "locations": [
                0.0,
                0.1111111111111111,
                0.2222222222222222,
                0.3333333333333333,
                0.4444444444444444,
                0.5555555555555556,
                0.6666666666666666,
                0.7777777777777777,
                0.8888888888888888,
                1.0
            ],
            "load_combination": "combo"
        },
        "element_3": {
            "element_tag": 3,
            "nodes": [
                3,
                7
            ],
            "node_coords": [
                [
                    0.0,
                    23.0,
                    0.0
                ],
                [
                    0.0,
                    23.0,
                    11.5
                ]
            ],
            "force_type": "My",
            "force_values": [
                -0.49395089307573503,
                -0.5535774104552568,
                -0.6132039278347786,
                -0.6728304452143004,
                -0.7324569625938221,
                -0.7920834799733438,
                -0.8517099973528657,
                -0.9113365147323874,
                -0.9709630321119092,
                -1.030589549491431
            ],
            "locations": [
                0.0,
                0.1111111111111111,
                0.2222222222222222,
                0.3333333333333333,
                0.4444444444444444,
                0.5555555555555556,
                0.6666666666666666,
                0.7777777777777777,
                0.8888888888888888,
                1.0
            ],
            "load_combination": "combo"
        },
        "element_4": {
            "element_tag": 4,
            "nodes": [
                4,
                8
            ],
            "node_coords": [
                [
                    20.0,
                    23.0,
                    0.0
                ],
                [
                    20.0,
                    23.0,
                    11.5
                ]
            ],
            "force_type": "My",
            "force_values": [
                0.49395089307562917,
                0.5535774104551824,
                0.6132039278347358,
                0.672830445214289,
                0.7324569625938424,
                0.7920834799733956,
                0.8517099973529489,
                0.9113365147325022,
                0.9709630321120555,
                1.0305895494916089
            ],
            "locations": [
                0.0,
                0.1111111111111111,
                0.2222222222222222,
                0.3333333333333333,
                0.4444444444444444,
                0.5555555555555556,
                0.6666666666666666,
                0.7777777777777777,
                0.8888888888888888,
                1.0
            ],
            "load_combination": "combo"
        },
        "element_5": {
            "element_tag": 5,
            "nodes": [
                1,
                2
            ],
            "node_coords": [
                [
                    0.0,
                    0.0,
                    0.0
                ],
                [
                    20.0,
                    0.0,
                    0.0
                ]
            ],
            "force_type": "My",
            "force_values": [
                0.0,
                0.0,
                0.0,
                0.0,
                0.0,
                0.0,
                0.0,
                0.0,
                0.0,
                0.0
            ],
            "locations": [
                0.0,
                0.1111111111111111,
                0.2222222222222222,
                0.3333333333333333,
                0.4444444444444444,
                0.5555555555555556,
                0.6666666666666666,
                0.7777777777777777,
                0.8888888888888888,
                1.0
            ],
            "load_combination": "combo"
        },
        "element_6": {
            "element_tag": 6,
            "nodes": [
                3,
                4
            ],
            "node_coords": [
                [
                    0.0,
                    23.0,
                    0.0
                ],
                [
                    20.0,
                    23.0,
                    0.0
                ]
            ],
            "force_type": "My",
            "force_values": [
                0.0,
                0.0,
                0.0,
                0.0,
                0.0,
                0.0,
                0.0,
                0.0,
                0.0,
                0.0
            ],
            "locations": [
                0.0,
                0.1111111111111111,
                0.2222222222222222,
                0.3333333333333333,
                0.4444444444444444,
                0.5555555555555556,
                0.6666666666666666,
                0.7777777777777777,
                0.8888888888888888,
                1.0
            ],
            "load_combination": "combo"
        },
        "element_7": {
            "element_tag": 7,
            "nodes": [
                5,
                6
            ],
            "node_coords": [
                [
                    0.0,
                    0.0,
                    11.5
                ],
                [
                    20.0,
                    0.0,
                    11.5
                ]
            ],
            "force_type": "My",