{
    "force_type": "Mz",
    "force_title": "Bending Moment (Z)",
    "scale_factor": 0.5,
    "max_force": 0.4191083781672101,
    "load_combination": "combo",
    "elements": {
        "element_1": {
            "element_tag": 1,
            "nodes": [
                1,
                5
            ],
            "node_coords": [
                [
                    0.0,
                    0.0,
                    0.0
                ],
                [
                    0.0,
                    0.0,
                    11.5
                ]
            ],
            "force_type": "Mz",
            "force_values": [
                -0.4191083781672101,
                -0.3259731830189412,
                -0.23283798787067228,
                -0.1397027927224034,
                -0.04656759757413448,
                0.04656759757413448,
                0.13970279272240332,
                0.23283798787067217,
                0.3259731830189411,
                0.4191083781672101
            ],
            "locations": [
                0.0,
                0.1111111111111111,
                0.2222222222222222,
                0.3333333333333333,
                0.4444444444444444,
                0.5555555555555556,
                0.6666666666666666,
                0.7777777777777777,
                0.8888888888888888,
                1.0
            ],
            "load_combination": "combo"
        },
        "element_2": {
            "element_tag": 2,
            "nodes": [
                2,
                6
            ],
            "node_coords": [
                [
                    20.0,
                    0.0,
                    0.0
                ],
                [
                    20.0,
                    0.0,
                    11.5
                ]
            ],
            "force_type": "Mz",
            "force_values": [
                0.41910837816720764,
                0.32597318301893924,
                0.23283798787067095,
                0.1397027927224026,
                0.0465675975741342,
                -0.0465675975741342,
                -0.13970279272240252,
                -0.23283798787067084,
                -0.32597318301893924,
                -0.41910837816720764
            ],
            "locations": [
                0.0,
                0.1111111111111111,
                0.2222222222222222,
                0.3333333333333333,
                0.4444444444444444,
                0.5555555555555556,
                0.6666666666666666,
                0.7777777777777777,
                0.8888888888888888,
                1.0
            ],
            "load_combination": "combo"
        },
        "element_3": {
            "element_tag": 3,
            "nodes": [
                3,
                7
            ],
            "node_coords": [
                [
                    0.0,
                    23.0,
                    0.0
                ],
                [
                    0.0,
                    23.0,
                    11.5
                ]
            ],
            "force_type": "Mz",
            "force_values": [
                0.41910837816718827,
                0.3259731830189242,
                0.23283798787066012,
                0.13970279272239614,
                0.046567597574132036,
                -0.046567597574132036,
                -0.13970279272239605,
                -0.23283798787066004,
                -0.3259731830189242,
                -0.41910837816718827
            ],
            "locations": [
                0.0,
                0.1111111111111111,
                0.2222222222222222,
                0.3333333333333333,
                0.4444444444444444,
                0.5555555555555556,
                0.6666666666666666,
                0.7777777777777777,
                0.8888888888888888,
                1.0
            ],
            "load_combination": "combo"
        },
        "element_4": {
            "element_tag": 4,
            "nodes": [
                4,
                8
            ],
            "node_coords": [
                [
                    20.0,
                    23.0,
                    0.0
                ],
                [
                    20.0,
                    23.0,
                    11.5
                ]
            ],
            "force_type": "Mz",
            "force_values": [
                -0.41910837816716134,
                -0.32597318301890327,
                -0.2328379878706452,
                -0.13970279272238717,
                -0.04656759757412904,
                0.04656759757412904,
                0.1397027927223871,
                0.23283798787064508,
                0.32597318301890327,
                0.41910837816716134
            ],
            "locations": [
                0.0,
                0.1111111111111111,
                0.2222222222222222,
                0.3333333333333333,
                0.4444444444444444,
                0.5555555555555556,
                0.6666666666666666,
                0.7777777777777777,
                0.8888888888888888,
                1.0
            ],
            "load_combination": "combo"
        },
        "element_5": {
            "element_tag": 5,
            "nodes": [
                1,
                2
            ],
            "node_coords": [
                [
                    0.0,
                    0.0,
                    0.0
                ],
                [
                    20.0,
                    0.0,
                    0.0
                ]
            ],
            "force_type": "Mz",
            "force_values": [
                0.0,
                0.0,
                0.0,
                0.0,
                0.0,
                0.0,
                0.0,
                0.0,
                0.0,
                0.0
            ],
            "locations": [
                0.0,
                0.1111111111111111,
                0.2222222222222222,
                0.3333333333333333,
                0.4444444444444444,
                0.5555555555555556,
                0.6666666666666666,
                0.7777777777777777,
                0.8888888888888888,
                1.0
            ],
            "load_combination": "combo"
        },
        "element_6": {
            "element_tag": 6,
            "nodes": [
                3,
                4
            ],
            "node_coords": [
                [
                    0.0,
                    23.0,
                    0.0
                ],
                [
                    20.0,
                    23.0,
                    0.0
                ]
            ],
            "force_type": "Mz",
            "force_values": [
                0.0,
                0.0,
                0.0,
                0.0,
                0.0,
                0.0,
                0.0,
                0.0,
                0.0,
                0.0
            ],
            "locations": [
                0.0,
                0.1111111111111111,
                0.2222222222222222,
                0.3333333333333333,
                0.4444444444444444,
                0.5555555555555556,
                0.6666666666666666,
                0.7777777777777777,
                0.8888888888888888,
                1.0
            ],
            "load_combination": "combo"
        },
        "element_7": {
            "element_tag": 7,
            "nodes": [
                5,
                6
            ],
            "node_coords": [
                [
                    0.0,
                    0.0,
                    11.5
                ],
                [
                    20.0,
                    0.0,
                    11.5
                ]
            ],
            "force_type": "Mz",