{
    "force_type": "Mz",
    "force_title": "Bending Moment (Z)",
    "scale_factor": 0.5,
    "max_force": 5.150901853353901e-05,
    "load_combination": "combo",
    "elements": {
        "element_1": {
            "element_tag": 1,
            "nodes": [
                1,
                5
            ],
            "node_coords": [
                [
                    0.0,
                    0.0,
                    0.0
                ],
                [
                    0.0,
                    0.0,
                    11.5
                ]
            ],
            "force_type": "Mz",
            "force_values": [
                5.150901828297079e-05,
                4.006256977564395e-05,
                2.8616121268317103e-05,
                1.716967276099027e-05,
                5.723224253663422e-06,
                -5.723224253663422e-06,
                -1.716967276099026e-05,
                -2.8616121268317093e-05,
                -4.006256977564395e-05,
                -5.150901828297079e-05
            ],
            "locations": [
                0.0,
                0.1111111111111111,
                0.2222222222222222,
                0.3333333333333333,
                0.4444444444444444,
                0.5555555555555556,
                0.6666666666666666,
                0.7777777777777777,
                0.8888888888888888,
                1.0
            ],
            "load_combination": "combo"
        },
        "element_2": {
            "element_tag": 2,
            "nodes": [
                2,
                6
            ],
            "node_coords": [
                [
                    20.0,
                    0.0,
                    0.0
                ],
                [
                    20.0,
                    0.0,
                    11.5
                ]
            ],
            "force_type": "Mz",
            "force_values": [
                -5.150901853353901e-05,
                -4.006256997053034e-05,
                -2.8616121407521675e-05,
                -1.716967284451301e-05,
                -5.723224281504338e-06,
                5.723224281504338e-06,
                1.7169672844513e-05,
                2.8616121407521662e-05,
                4.006256997053034e-05,
                5.150901853353901e-05
            ],
            "locations": [
                0.0,
                0.1111111111111111,
                0.2222222222222222,
                0.3333333333333333,
                0.4444444444444444,
                0.5555555555555556,
                0.6666666666666666,
                0.7777777777777777,
                0.8888888888888888,
                1.0
            ],
            "load_combination": "combo"
        },
        "element_3": {
            "element_tag": 3,
            "nodes": [
                3,
                7
            ],
            "node_coords": [
                [
                    0.0,
                    23.0,
                    0.0
                ],
                [
                    0.0,
                    23.0,
                    11.5
                ]
            ],
            "force_type": "Mz",
            "force_values": [
                -5.150901853283852e-05,
                -4.006256996998551e-05,
                -2.8616121407132508e-05,
                -1.716967284427951e-05,
                -5.723224281426506e-06,
                5.723224281426506e-06,
                1.71696728442795e-05,
                2.8616121407132494e-05,
                4.0062569969985506e-05,
                5.150901853283852e-05
            ],
            "locations": [
                0.0,
                0.1111111111111111,
                0.2222222222222222,
                0.3333333333333333,
                0.4444444444444444,
                0.5555555555555556,
                0.6666666666666666,
                0.7777777777777777,
                0.8888888888888888,
                1.0
            ],
            "load_combination": "combo"
        },
        "element_4": {
            "element_tag": 4,
            "nodes": [
                4,
                8
            ],
            "node_coords": [
                [
                    20.0,
                    23.0,
                    0.0
                ],
                [
                    20.0,
                    23.0,
                    11.5
                ]
            ],
            "force_type": "Mz",
            "force_values": [
                5.150901827888373e-05,
                4.006256977246512e-05,
                2.8616121266046512e-05,
                1.7169672759627915e-05,
                5.723224253209304e-06,
                -5.723224253209304e-06,
                -1.7169672759627905e-05,
                -2.8616121266046502e-05,
                -4.006256977246512e-05,
                -5.150901827888373e-05
            ],
            "locations": [
                0.0,
                0.1111111111111111,
                0.2222222222222222,
                0.3333333333333333,
                0.4444444444444444,
                0.5555555555555556,
                0.6666666666666666,
                0.7777777777777777,
                0.8888888888888888,
                1.0
            ],
            "load_combination": "combo"
        },
        "element_5": {
            "element_tag": 5,
            "nodes": [
                1,
                2
            ],
            "node_coords": [
                [
                    0.0,
                    0.0,
                    0.0
                ],
                [
                    20.0,
                    0.0,
                    0.0
                ]
            ],
            "force_type": "Mz",
            "force_values": [
                0.0,
                0.0,
                0.0,
                0.0,
                0.0,
                0.0,
                0.0,
                0.0,
                0.0,
                0.0
            ],
            "locations": [
                0.0,
                0.1111111111111111,
                0.2222222222222222,
                0.3333333333333333,
                0.4444444444444444,
                0.5555555555555556,
                0.6666666666666666,
                0.7777777777777777,
                0.8888888888888888,
                1.0
            ],
            "load_combination": "combo"
        },
        "element_6": {
            "element_tag": 6,
            "nodes": [
                3,
                4
            ],
            "node_coords": [
                [
                    0.0,
                    23.0,
                    0.0
                ],
                [
                    20.0,
                    23.0,
                    0.0
                ]
            ],
            "force_type": "Mz",
            "force_values": [
                0.0,
                0.0,
                0.0,
                0.0,
                0.0,
                0.0,
                0.0,
                0.0,
                0.0,
                0.0
            ],
            "locations": [
                0.0,
                0.1111111111111111,
                0.2222222222222222,
                0.3333333333333333,
                0.4444444444444444,
                0.5555555555555556,
                0.6666666666666666,
                0.7777777777777777,
                0.8888888888888888,
                1.0
            ],
            "load_combination": "combo"
        },
        "element_7": {
            "element_tag": 7,
            "nodes": [
                5,
                6
            ],
            "node_coords": [
                [
                    0.0,
                    0.0,
                    11.5
                ],
                [
                    20.0,
                    0.0,
                    11.5
                ]
            ],
            "force_type": "Mz",