{
    "force_type": "T",
    "force_title": "Torsion",
    "scale_factor": 0.1,
    "max_force": 23.46870076103856,
    "load_combination": "combo",
    "elements": {
        "element_1": {
            "element_tag": 1,
            "nodes": [
                1,
                5
            ],
            "node_coords": [
                [
                    0.0,
                    0.0,
                    0.0
                ],
                [
                    0.0,
                    0.0,
                    11.5
                ]
            ],
            "force_type": "T",
            "force_values": [
                -0.009208072215420898,
                -0.009208072215420898,
                -0.009208072215420898,
                -0.009208072215420898,
                -0.009208072215420898,
                -0.009208072215420898,
                -0.009208072215420898,
                -0.009208072215420898,
                -0.009208072215420898,
                -0.009208072215420898
            ],
            "locations": [
                0.0,
                0.1111111111111111,
                0.2222222222222222,
                0.3333333333333333,
                0.4444444444444444,
                0.5555555555555556,
                0.6666666666666666,
                0.7777777777777777,
                0.8888888888888888,
                1.0
            ],
            "load_combination": "combo"
        },
        "element_2": {
            "element_tag": 2,
            "nodes": [
                2,
                6
            ],
            "node_coords": [
                [
                    20.0,
                    0.0,
                    0.0
                ],
                [
                    20.0,
                    0.0,
                    11.5
                ]
            ],
            "force_type": "T",
            "force_values": [
                -0.009208072215511003,
                -0.009208072215511003,
                -0.009208072215511003,
                -0.009208072215511003,
                -0.009208072215511003,
                -0.009208072215511003,
                -0.009208072215511003,
                -0.009208072215511003,
                -0.009208072215511003,
                -0.009208072215511003
            ],
            "locations": [
                0.0,
                0.1111111111111111,
                0.2222222222222222,
                0.3333333333333333,
                0.4444444444444444,
                0.5555555555555556,
                0.6666666666666666,
                0.7777777777777777,
                0.8888888888888888,
                1.0
            ],
            "load_combination": "combo"
        },
        "element_3": {
            "element_tag": 3,
            "nodes": [
                3,
                7
            ],
            "node_coords": [
                [
                    0.0,
                    23.0,
                    0.0
                ],
                [
                    0.0,
                    23.0,
                    11.5
                ]
            ],
            "force_type": "T",
            "force_values": [
                0.009208072215199417,
                0.009208072215199417,
                0.009208072215199417,
                0.009208072215199417,
                0.009208072215199417,
                0.009208072215199417,
                0.009208072215199417,
                0.009208072215199417,
                0.009208072215199417,
                0.009208072215199417
            ],
            "locations": [
                0.0,
                0.1111111111111111,
                0.2222222222222222,
                0.3333333333333333,
                0.4444444444444444,
                0.5555555555555556,
                0.6666666666666666,
                0.7777777777777777,
                0.8888888888888888,
                1.0
            ],
            "load_combination": "combo"
        },
        "element_4": {
            "element_tag": 4,
            "nodes": [
                4,
                8
            ],
            "node_coords": [
                [
                    20.0,
                    23.0,
                    0.0
                ],
                [
                    20.0,
                    23.0,
                    11.5
                ]
            ],
            "force_type": "T",
            "force_values": [
                0.009208072215229797,
                0.009208072215229797,
                0.009208072215229797,
                0.009208072215229797,
                0.009208072215229797,
                0.009208072215229797,
                0.009208072215229797,
                0.009208072215229797,
                0.009208072215229797,
                0.009208072215229797
            ],
            "locations": [
                0.0,
                0.1111111111111111,
                0.2222222222222222,
                0.3333333333333333,
                0.4444444444444444,
                0.5555555555555556,
                0.6666666666666666,
                0.7777777777777777,
                0.8888888888888888,
                1.0
            ],
            "load_combination": "combo"
        },
        "element_5": {
            "element_tag": 5,
            "nodes": [
                1,
                2
            ],
            "node_coords": [
                [
                    0.0,
                    0.0,
                    0.0
                ],
                [
                    20.0,
                    0.0,
                    0.0
                ]
            ],
            "force_type": "T",
            "force_values": [
                0.0,
                0.0,
                0.0,
                0.0,
                0.0,
                0.0,
                0.0,
                0.0,
                0.0,
                0.0
            ],
            "locations": [
                0.0,
                0.1111111111111111,
                0.2222222222222222,
                0.3333333333333333,
                0.4444444444444444,
                0.5555555555555556,
                0.6666666666666666,
                0.7777777777777777,
                0.8888888888888888,
                1.0
            ],
            "load_combination": "combo"
        },
        "element_6": {
            "element_tag": 6,
            "nodes": [
                3,
                4
            ],
            "node_coords": [
                [
                    0.0,
                    23.0,
                    0.0
                ],
                [
                    20.0,
                    23.0,
                    0.0
                ]
            ],
            "force_type": "T",
            "force_values": [
                0.0,
                0.0,
                0.0,
                0.0,
                0.0,
                0.0,
                0.0,
                0.0,
                0.0,
                0.0
            ],
            "locations": [
                0.0,
                0.1111111111111111,
                0.2222222222222222,
                0.3333333333333333,
                0.4444444444444444,
                0.5555555555555556,
                0.6666666666666666,
                0.7777777777777777,
                0.8888888888888888,
                1.0
            ],
            "load_combination": "combo"
        },
        "element_7": {
            "element_tag": 7,
            "nodes": [
                5,
                6
            ],
            "node_coords": [
                [
                    0.0,
                    0.0,
                    11.5
                ],
                [
                    20.0,
                    0.0,
                    11.5
                ]
            ],
            "force_type": "T",