{
    "domainSize": [
        3.0
    ],
    "eigenLambda": [
        7578.798322958195,
        8484.468004621638,
        10518.509365100053,
        85778.99283326059,
        89260.09204318735
    ],
    "eigenOmega": [
        87.05629398819016,
        92.11117198593034,
        102.55978434600988,
        292.8805094799936,
        298.7642750450384
    ],
    "eigenFrequency": [
        13.855439515481716,
        14.659948335548528,
        16.32289664110626,
        46.61338081901369,
        47.54981119268445
    ],
    "eigenPeriod": [
        0.07217382017240416,
        0.06821306440590422,
        0.061263636104984025,
        0.02145306739029961,
        0.021030577722963708
    ],
    "totalMass": [
        1600.0,
        1600.0,
        1600.0,
        7200.0,
        10000.0,
        10000.0
    ],
    "totalFreeMass": [
        1600.0,
        1600.0,
        1600.0,
        7200.0,
        10000.0,
        10000.0
    ],
    "centerOfMass": [
        2.0,
        1.5,
        4.5
    ],
    "partiFactorMX": [
        37.65867118515962,
        5.355185814514022e-15,
        -3.002043058586425e-13,
        13.484072350358899,
        -1.0216933186975908e-13
    ],
    "partiFactorMY": [
        -4.163336342344342e-15,
        37.820733295884345,
        -6.594724766273433e-13,
        9.948639134726982e-14,
        13.022299855523002
    ],
    "partiFactorRMZ": [
        7.490119635633627e-13,
        1.6582291095801338e-12,
        95.08539194965904,
        2.1311424847070255e-13,
        7.283063041541019e-14
    ],
    "partiFactorMZ": [
        4.5102810375397034e-17,
        -6.245004513516506e-17,
        -1.734723475976808e-18,
        -2.4286128663675285e-16,
        -9.367506770274748e-16
    ],
    "partiFactorRMX": [
        4.8572257327350654e-17,
        -20.062154339185355,
        3.3424651935121134e-13,
        4.4219489181429564e-13,
        57.78294889839252
    ],
    "partiFactorRMY": [
        20.693239001293648,
        2.8171909249863347e-15,
        -1.7417664532892737e-13,
        -57.41762045240565,
        4.4035608492976e-13
    ],
    "partiMassMX": [
        1418.1755154319699,
        2.8678015107972213e-29,
        9.012262525606931e-26,
        181.82020714971347,
        1.043857237471298e-26
    ],
    "partiMassMY": [
        1.7333369499485142e-29,
        1430.4078670384147,
        4.349039474290016e-25,
        9.89754206330213e-27,
        169.58029352715457
    ],
    "partiMassRMZ": [
        5.610189215610436e-25,
        2.7497237798589234e-24,
        9041.231762220279,
        4.541768290123238e-26,
        5.3043007267060776e-27
    ],
    "partiMassMZ": [
        2.0342635037590203e-33,
        3.9000081373841526e-33,
        3.0092655381050574e-36,
        5.898160454685905e-32,
        8.775018309114333e-31
    ],
    "partiMassRMX": [
        2.3592641818743667e-33,
        402.49003672929376,
        1.1172073569839964e-25,
        1.9553632234665676e-25,
        3338.869183394245
    ],
    "partiMassRMY": [
        428.2101403646601,
        7.93656470782536e-30,
        3.033750377803894e-26,
        3296.7831384165133,
        1.9391348153466626e-25
    ],
    "partiMassesCumuMX": [
        1418.1755154319699,
        1418.1755154319699,
        1418.1755154319699,
        1599.9957225816834,
        1599.9957225816834
    ],
    "partiMassesCumuMY": [
        1.7333369499485142e-29,
        1430.4078670384147,
        1430.4078670384147,
        1430.4078670384147,
        1599.9881605655692
    ],
    "partiMassesCumuRMZ": [
        5.610189215610436e-25,
        3.310742701419967e-24,
        9041.231762220279,
        9041.231762220279,
        9041.231762220279
    ],
    "partiMassesCumuMZ": [
        2.0342635037590203e-33,
        5.934271641143173e-33,
        5.937280906681278e-33,
        6.491888545354033e-32,
        9.424207163649737e-31
    ],
    "partiMassesCumuRMX": [
        2.3592641818743667e-33,
        402.49003672929376,
        402.49003672929376,
        402.49003672929376,
        3741.3592201235388
    ],
    "partiMassesCumuRMY": [
        428.2101403646601,
        428.2101403646601,
        428.2101403646601,
        3724.9932787811736,
        3724.9932787811736
    ],
    "partiMassRatiosMX": [
        88.63596971449812,
        1.7923759442482633e-30,
        5.6326640785043324e-27,
        11.363762946857092,
        6.524107734195613e-28
    ],
    "partiMassRatiosMY": [
        1.0833355937178214e-30,
        89.40049168990092,
        2.71814967143126e-26,
        6.185963789563831e-28,
        10.59876834544716
    ],
    "partiMassRatiosRMZ": [
        5.6101892156104356e-27,
        2.749723779858924e-26,
        90.41231762220279,
        4.541768290123239e-28,
        5.304300726706078e-29
    ],
    "partiMassRatiosMZ": [
        1.2714146898493877e-34,
        2.4375050858650954e-34,
        1.880790961315661e-37,
        3.686350284178691e-33,
        5.484386443196458e-32
    ],
    "partiMassRatiosRMX": [
        3.2767558081588426e-35,
        5.590139399017969,
        1.551676884699995e-27,
        2.7157822548146768e-27,
        46.373183102697844
    ],
    "partiMassRatiosRMY": [
        4.282101403646601,
        7.93656470782536e-32,
        3.0337503778038943e-28,
        32.96783138416514,
        1.9391348153466628e-27
    ],
    "partiMassRatiosCumuMX": [
        88.63596971449812,
        88.63596971449812,
        88.63596971449812,
        99.99973266135521,
        99.99973266135521
    ],
    "partiMassRatiosCumuMY": [
        1.0833355937178214e-30,
        89.40049168990092,
        89.40049168990092,
        89.40049168990092,
        99.99926003534809
    ],
    "partiMassRatiosCumuRMZ": [
        5.6101892156104356e-27,
        3.3107427014199675e-26,
        90.41231762220279,
        90.41231762220279,
        90.41231762220279
    ],
    "partiMassRatiosCumuMZ": [
        1.2714146898493877e-34,
        3.7089197757144833e-34,
        3.7108005666757993e-34,
        4.057430340846271e-33,
        5.890129477281085e-32
    ],
    "partiMassRatiosCumuRMX": [
        3.2767558081588426e-35,
        5.590139399017969,
        5.590139399017969,
        5.590139399017969,
        51.963322501715815
    ],
    "partiMassRatiosCumuRMY": [
        4.282101403646601,
        4.282101403646601,
        4.282101403646601,
        37.24993278781174,
        37.24993278781174
    ]
}