{
    "domainSize": [
        3.0
    ],
    "eigenLambda": [
        1.2963860756715115,
        5.85930688742839,
        5.859310800254847,
        9.739716582364869,
        22.394913652252896
    ],
    "eigenOmega": [
        1.1385895114884519,
        2.420600522066454,
        2.4206013303009746,
        3.1208519001011354,
        4.732326452417763
    ],
    "eigenFrequency": [
        0.18121214890597348,
        0.3852505383376986,
        0.38525066697221777,
        0.49669900655882965,
        0.75317314722682
    ],
    "eigenPeriod": [
        5.518393805477553,
        2.59571343966152,
        2.5957125729573747,
        2.0132917255624885,
        1.3277159490908501
    ],
    "totalMass": [
        27.716999999625003,
        27.716999999625003,
        27.716999999625003,
        2603.5138888850706,
        2603.5138888850706,
        1163.6277777701393
    ],
    "totalFreeMass": [
        7.499999999624998,
        7.499999999624998,
        7.499999999624998,
        76.38888888506943,
        76.38888888506943,
        152.7777777701389
    ],
    "centerOfMass": [
        5.0,
        5.0,
        10.0
    ],
    "partiFactorMX": [
        1.9083120920813878e-16,
        3.6707767501563164e-05,
        3.9168685756744287e-13,
        1.7939709954175205e-15,
        -7.135467063438024e-15
    ],
    "partiFactorMY": [
        1.9405511586706217e-17,
        5.436971406868657e-13,
        -5.094667323596032e-05,
        2.2117580058405441e-16,
        -1.7502189378952004e-15
    ],
    "partiFactorRMZ": [
        1.3779677569720764e-17,
        3.17561245753175e-15,
        1.3270897171436205e-15,
        -5.862765543595829e-16,
        3.2829610019125567e-16
    ],
    "partiFactorMZ": [
        -2.546265162680959,
        -2.9073965457371267e-15,
        2.3314683517128256e-15,
        4.505010490263302e-06,
        -0.8465256988527322
    ],
    "partiFactorRMX": [
        1.77635683940025e-15,
        -7.551105860037483e-08,
        7.076212560531098,
        8.515410598874943e-14,
        2.664535259100377e-15
    ],
    "partiFactorRMY": [
        8.215650382226157e-15,
        -7.076215243748263,
        -7.551108166525811e-08,
        2.253752739989066e-14,
        -8.076872504148017e-15
    ],
    "partiMassMX": [
        3.6416550407840443e-32,
        1.347460194948818e-09,
        1.5341859439105847e-25,
        3.218331932399332e-30,
        5.091489021340883e-29
    ],
    "partiMassMY": [
        3.7657387994178927e-34,
        2.956065807910737e-25,
        2.5955635138117188e-09,
        4.891873476399745e-32,
        3.063266330567002e-30
    ],
    "partiMassRMZ": [
        1.8987951392546559e-34,
        1.0084514480430845e-29,
        1.761167117348337e-30,
        3.437201981917452e-31,
        1.0777832940078693e-31
    ],
    "partiMassMZ": [
        6.483466278682691,
        8.452954674164182e-30,
        5.4357446750385275e-30,
        2.0295119517382413e-11,
        0.7166057588181064
    ],
    "partiMassRMX": [
        3.1554436208840465e-30,
        5.701919970949245e-15,
        50.07278420181815,
        7.251221766743179e-27,
        7.099748146989109e-30
    ],
    "partiMassRMY": [
        6.749691120297281e-29,
        50.072822175855315,
        5.701923454257288e-15,
        5.079401413008226e-28,
        6.523586944826224e-29
    ],
    "partiMassesCumuMX": [
        3.6416550407840443e-32,
        1.347460194948818e-09,
        1.3474601949488182e-09,
        1.3474601949488182e-09,
        1.3474601949488182e-09
    ],
    "partiMassesCumuMY": [
        3.7657387994178927e-34,
        2.956065811676476e-25,
        2.595563513811719e-09,
        2.595563513811719e-09,
        2.595563513811719e-09
    ],
    "partiMassesCumuRMZ": [
        1.8987951392546559e-34,
        1.0084704359944771e-29,
        1.1845871477293107e-29,
        1.2189591675484853e-29,
        1.229737000488564e-29
    ],
    "partiMassesCumuMZ": [
        6.483466278682691,
        6.483466278682691,
        6.483466278682691,
        6.483466278702986,
        7.2000720375210925
    ],
    "partiMassesCumuRMX": [
        3.1554436208840465e-30,
        5.701919970949248e-15,
        50.07278420181816,
        50.07278420181816,
        50.07278420181816
    ],
    "partiMassesCumuRMY": [
        6.749691120297281e-29,
        50.072822175855315,
        50.07282217585532,
        50.07282217585532,
        50.07282217585532
    ],
    "partiMassRatiosMX": [
        4.8555400546215035e-31,
        1.7966135933549217e-08,
        2.0455812586497258e-24,
        4.2911092434136655e-29,
        6.788652028793944e-28
    ],
    "partiMassRatiosMY": [
        5.020985066141574e-33,
        3.9414210774113886e-24,
        3.460751351921997e-08,
        6.52249796885912e-31,
        4.084355107626888e-29
    ],
    "partiMassRatiosRMZ": [
        1.2428477275742806e-34,
        6.600773114793865e-30,
        1.1527639314129134e-30,
        2.249804933731186e-31,
        7.05458156113151e-32
    ],
    "partiMassRatiosMZ": [
        86.44621705342487,
        1.1270606232782442e-28,
        7.247659567080422e-29,
        2.70601593578629e-10,
        9.554743451385825
    ],
    "partiMassRatiosRMX": [
        4.1307625584547446e-30,
        7.464331598706775e-15,
        65.54982659474854,
        9.492508495120243e-27,
        9.294215756523183e-30
    ],
    "partiMassRatiosRMY": [
        8.835959285194603e-29,
        65.54987630621537,
        7.464336158673667e-15,
        6.649398213725058e-28,
        8.539968364563148e-29
    ],
    "partiMassRatiosCumuMX": [
        4.8555400546215035e-31,
        1.7966135933549217e-08,
        1.796613593354922e-08,
        1.796613593354922e-08,
        1.796613593354922e-08
    ],
    "partiMassRatiosCumuMY": [
        5.020985066141574e-33,
        3.941421082432374e-24,
        3.460751351921997e-08,
        3.460751351921997e-08,
        3.460751351921997e-08
    ],
    "partiMassRatiosCumuRMZ": [
        1.2428477275742806e-34,
        6.600897399566622e-30,
        7.753661330979534e-30,
        7.978641824352653e-30,
        8.049187639963968e-30
    ],
    "partiMassRatiosCumuMZ": [
        86.44621705342487,
        86.44621705342487,
        86.44621705342487,
        86.44621705369548,
        96.00096050508131
    ],
    "partiMassRatiosCumuRMX": [
        4.1307625584547446e-30,
        7.46433159870678e-15,
        65.54982659474855,
        65.54982659474855,
        65.54982659474855
    ],
    "partiMassRatiosCumuRMY": [
        8.835959285194603e-29,
        65.54987630621537,
        65.54987630621538,
        65.54987630621538,
        65.54987630621538
    ]
}