{
    "story_drifts": {
        "X": {
            "Story_2": 2.373698336033235e-12
        },
        "Y": {
            "Story_2": 2.033317331477481e-14
        }
    },
    "story_heights": {
        "1": 0.0,
        "2": 10.0
    },
    "direction": 1,
    "eigenvalues": [
        1.2963860756715115,
        5.85930688742839,
        5.859310800254847,
        9.739716582364869,
        22.394913652252896
    ],
    "damping": [
        0.05,
        0.05,
        0.05,
        0.05,
        0.05
    ],
    "scaling_factors": [
        1.0,
        1.0,
        1.0,
        1.0,
        1.0
    ]
}