{
    "base_shear": {
        "CQC": {
            "Fx": 1.018139879219858e-09,
            "Fy": 4.720187553872265e-10,
            "Fz": 3.926236395869106e-05
        },
        "modal": {
            "1": {
                "Fx": 3.499557237222984e-18,
                "Fy": 1.5078107056896474e-17,
                "Fz": -7.054444071658684e-14
            },
            "2": {
                "Fx": -1.0181398828665306e-09,
                "Fy": -1.5074924923482432e-17,
                "Fz": -7.054457997032922e-14
            },
            "3": {
                "Fx": 3.49954828705152e-18,
                "Fy": 1.5078094783257302e-17,
                "Fz": -7.054444141062571e-14
            },
            "4": {
                "Fx": 3.49954828705152e-18,
                "Fy": 1.50780947832573e-17,
                "Fz": -7.054444141062571e-14
            },
            "5": {
                "Fx": 3.49954828705152e-18,
                "Fy": 1.50780947832573e-17,
                "Fz": -7.054444141062571e-14
            }
        }
    },
    "story_shears": {
        "CQC": {
            "1": {
                "Fx": 1.018139879219858e-09,
                "Fy": 4.720187553872265e-10,
                "cumulative_Fx": 2.0362797593102957e-09,
                "cumulative_Fy": 4.900093942451981e-10
            },
            "2": {
                "Fx": 1.0181398800904374e-09,
                "Fy": 1.7990638857971575e-11,
                "cumulative_Fx": 1.0181398800904374e-09,
                "cumulative_Fy": 1.7990638857971575e-11
            }
        },
        "modal": {
            "1": {
                "1": {
                    "Fx": 3.499557237222984e-18,
                    "Fy": 1.5078107056896474e-17,
                    "cumulative_Fx": -7.857794173099922e-32,
                    "cumulative_Fy": 3.0814879110195774e-33
                },
                "2": {
                    "Fx": -3.4995572372230625e-18,
                    "Fy": -1.507810705689647e-17,
                    "cumulative_Fx": -3.4995572372230625e-18,
                    "cumulative_Fy": -1.507810705689647e-17
                }
            },
            "2": {
                "1": {
                    "Fx": -1.0181398828665306e-09,
                    "Fy": -1.5074924923482432e-17,
                    "cumulative_Fx": 0.0,
                    "cumulative_Fy": -3.554291694563791e-26
                },
                "2": {
                    "Fx": 1.0181398828665306e-09,
                    "Fy": 1.5074924887939515e-17,
                    "cumulative_Fx": 1.0181398828665306e-09,
                    "cumulative_Fy": 1.5074924887939515e-17
                }
            },
            "3": {
                "1": {
                    "Fx": 3.49954828705152e-18,
                    "Fy": 1.5078094783257302e-17,
                    "cumulative_Fx": -1.0785207688568521e-32,
                    "cumulative_Fy": 0.0
                },
                "2": {
                    "Fx": -3.499548287051531e-18,
                    "Fy": -1.5078094783257302e-17,
                    "cumulative_Fx": -3.499548287051531e-18,
                    "cumulative_Fy": -1.5078094783257302e-17
                }
            },
            "4": {
                "1": {
                    "Fx": 3.49954828705152e-18,
                    "Fy": 1.50780947832573e-17,
                    "cumulative_Fx": 2.465190328815662e-32,
                    "cumulative_Fy": -3.0814879110195774e-33
                },
                "2": {
                    "Fx": -3.499548287051495e-18,
                    "Fy": -1.5078094783257302e-17,
                    "cumulative_Fx": -3.499548287051495e-18,
                    "cumulative_Fy": -1.5078094783257302e-17
                }
            },
            "5": {
                "1": {
                    "Fx": 3.49954828705152e-18,
                    "Fy": 1.50780947832573e-17,
                    "cumulative_Fx": -8.936314941956774e-32,
                    "cumulative_Fy": 3.0814879110195774e-33
                },
                "2": {
                    "Fx": -3.499548287051609e-18,
                    "Fy": -1.5078094783257296e-17,
                    "cumulative_Fx": -3.499548287051609e-18,
                    "cumulative_Fy": -1.5078094783257296e-17
                }
            }
        }
    },
    "story_overturning_moments": {
        "CQC": {
            "1": {
                "Mx": 0.0,
                "My": 0.0
            },
            "2": {
                "Mx": 1.7990638857971577e-10,
                "My": 1.0181398800904372e-08
            }
        },
        "modal": {
            "1": {
                "1": {
                    "Mx": 0.0,
                    "My": 0.0
                },
                "2": {
                    "Mx": -1.5078107056896473e-16,
                    "My": -3.499557237222904e-17
                }
            },
            "2": {
                "1": {
                    "Mx": 0.0,
                    "My": 0.0
                },
                "2": {
                    "Mx": 1.5074924887939515e-16,
                    "My": 1.0181398828665306e-08
                }
            },
            "3": {
                "1": {
                    "Mx": 0.0,
                    "My": 0.0
                },
                "2": {
                    "Mx": -1.5078094783257307e-16,
                    "My": -3.499548287051846e-17
                }
            },
            "4": {
                "1": {
                    "Mx": 0.0,
                    "My": 0.0
                },
                "2": {
                    "Mx": -1.5078094783257297e-16,
                    "My": -3.499548287051654e-17
                }
            },
            "5": {
                "1": {
                    "Mx": 0.0,
                    "My": 0.0
                },
                "2": {
                    "Mx": -1.5078094783257297e-16,
                    "My": -3.499548287051608e-17
                }
            }
        }
    },
    "modes": [
        "Mode 1",
        "Mode 2",
        "Mode 3",
        "Mode 4",
        "Mode 5"
    ]
}