{
    "story_drifts": {
        "X": {
            "Story_2": 0.00010231725157407031,
            "Story_3": 0.00011392341282009492
        },
        "Y": {
            "Story_2": 8.144190438327374e-19,
            "Story_3": 7.383057966672744e-19
        }
    },
    "story_heights": {
        "1": 0.0,
        "2": 3.0,
        "3": 6.0
    },
    "direction": 1,
    "eigenvalues": [
        7578.798322958195,
        8484.468004621638,
        10518.509365100053,
        85778.99283326059,
        89260.09204318735
    ],
    "damping": [
        0.05,
        0.05,
        0.05,
        0.05,
        0.05
    ],
    "scaling_factors": [
        1.0,
        1.0,
        1.0,
        1.0,
        1.0
    ]
}