{
    "R33001": {
        "area": 13.44444444444444,
        "load_cases": {
            "DL": {
                "pressure": -0.02,
                "total_force": 0.2688888888888888
            },
            "LL": {
                "pressure": -0.045,
                "total_force": 0.6049999999999998
            },
            "self_weight": {
                "pressure": -0.075,
                "total_force": 1.0083333333333329
            }
        }
    },
    "R33002": {
        "area": 13.444444444444454,
        "load_cases": {
            "DL": {
                "pressure": -0.02,
                "total_force": 0.26888888888888907
            },
            "LL": {
                "pressure": -0.045,
                "total_force": 0.6050000000000004
            },
            "self_weight": {
                "pressure": -0.075,
                "total_force": 1.008333333333334
            }
        }
    },
    "R33003": {
        "area": 13.444444444444454,
        "load_cases": {
            "DL": {
                "pressure": -0.02,
                "total_force": 0.26888888888888907
            },
            "LL": {
                "pressure": -0.045,
                "total_force": 0.6050000000000004
            },
            "self_weight": {
                "pressure": -0.075,
                "total_force": 1.008333333333334
            }
        }
    },
    "R33004": {
        "area": 13.444444444444423,
        "load_cases": {
            "DL": {
                "pressure": -0.02,
                "total_force": 0.26888888888888846
            },
            "LL": {
                "pressure": -0.045,
                "total_force": 0.604999999999999
            },
            "self_weight": {
                "pressure": -0.075,
                "total_force": 1.0083333333333317
            }
        }
    },
    "R33005": {
        "area": 13.44444444444444,
        "load_cases": {
            "DL": {
                "pressure": -0.02,
                "total_force": 0.2688888888888888
            },
            "LL": {
                "pressure": -0.045,
                "total_force": 0.6049999999999998
            },
            "self_weight": {
                "pressure": -0.075,
                "total_force": 1.0083333333333329
            }
        }
    },
    "R33006": {
        "area": 13.44444444444444,
        "load_cases": {
            "DL": {
                "pressure": -0.02,
                "total_force": 0.2688888888888888
            },
            "LL": {
                "pressure": -0.045,
                "total_force": 0.6049999999999998
            },
            "self_weight": {
                "pressure": -0.075,
                "total_force": 1.0083333333333329
            }
        }
    },
    "R33007": {
        "area": 13.44444444444444,
        "load_cases": {
            "DL": {
                "pressure": -0.02,
                "total_force": 0.2688888888888888
            },
            "LL": {
                "pressure": -0.045,
                "total_force": 0.6049999999999998
            },
            "self_weight": {
                "pressure": -0.075,
                "total_force": 1.0083333333333329
            }
        }
    },
    "R33008": {
        "area": 13.444444444444454,
        "load_cases": {
            "DL": {
                "pressure": -0.02,
                "total_force": 0.26888888888888907
            },
            "LL": {
                "pressure": -0.045,
                "total_force": 0.6050000000000004
            },
            "self_weight": {
                "pressure": -0.075,
                "total_force": 1.008333333333334
            }
        }
    },
    "R33009": {
        "area": 13.444444444444454,
        "load_cases": {
            "DL": {
                "pressure": -0.02,
                "total_force": 0.26888888888888907
            },
            "LL": {
                "pressure": -0.045,
                "total_force": 0.6050000000000004
            },
            "self_weight": {
                "pressure": -0.075,
                "total_force": 1.008333333333334
            }
        }
    }
}