{
    "R19001": {
        "area": 13.333333333333332,
        "load_cases": {
            "DL": {
                "pressure": -0.02,
                "total_force": 0.26666666666666666
            },
            "LL": {
                "pressure": -0.045,
                "total_force": 0.6
            },
            "self_weight": {
                "pressure": -0.075,
                "total_force": 0.9999999999999999
            }
        }
    },
    "R19002": {
        "area": 13.333333333333332,
        "load_cases": {
            "DL": {
                "pressure": -0.02,
                "total_force": 0.26666666666666666
            },
            "LL": {
                "pressure": -0.045,
                "total_force": 0.6
            },
            "self_weight": {
                "pressure": -0.075,
                "total_force": 0.9999999999999999
            }
        }
    },
    "R19003": {
        "area": 13.333333333333332,
        "load_cases": {
            "DL": {
                "pressure": -0.02,
                "total_force": 0.26666666666666666
            },
            "LL": {
                "pressure": -0.045,
                "total_force": 0.6
            },
            "self_weight": {
                "pressure": -0.075,
                "total_force": 0.9999999999999999
            }
        }
    },
    "R19004": {
        "area": 13.333333333333332,
        "load_cases": {
            "DL": {
                "pressure": -0.02,
                "total_force": 0.26666666666666666
            },
            "LL": {
                "pressure": -0.045,
                "total_force": 0.6
            },
            "self_weight": {
                "pressure": -0.075,
                "total_force": 0.9999999999999999
            }
        }
    },
    "R19005": {
        "area": 13.333333333333332,
        "load_cases": {
            "DL": {
                "pressure": -0.02,
                "total_force": 0.26666666666666666
            },
            "LL": {
                "pressure": -0.045,
                "total_force": 0.6
            },
            "self_weight": {
                "pressure": -0.075,
                "total_force": 0.9999999999999999
            }
        }
    },
    "R19006": {
        "area": 13.333333333333332,
        "load_cases": {
            "DL": {
                "pressure": -0.02,
                "total_force": 0.26666666666666666
            },
            "LL": {
                "pressure": -0.045,
                "total_force": 0.6
            },
            "self_weight": {
                "pressure": -0.075,
                "total_force": 0.9999999999999999
            }
        }
    },
    "R19007": {
        "area": 13.33333333333333,
        "load_cases": {
            "DL": {
                "pressure": -0.02,
                "total_force": 0.2666666666666666
            },
            "LL": {
                "pressure": -0.045,
                "total_force": 0.5999999999999999
            },
            "self_weight": {
                "pressure": -0.075,
                "total_force": 0.9999999999999998
            }
        }
    },
    "R19008": {
        "area": 13.33333333333333,
        "load_cases": {
            "DL": {
                "pressure": -0.02,
                "total_force": 0.2666666666666666
            },
            "LL": {
                "pressure": -0.045,
                "total_force": 0.5999999999999999
            },
            "self_weight": {
                "pressure": -0.075,
                "total_force": 0.9999999999999998
            }
        }
    },
    "R19009": {
        "area": 13.33333333333333,
        "load_cases": {
            "DL": {
                "pressure": -0.02,
                "total_force": 0.2666666666666666
            },
            "LL": {
                "pressure": -0.045,
                "total_force": 0.5999999999999999
            },
            "self_weight": {
                "pressure": -0.075,
                "total_force": 0.9999999999999998
            }
        }
    }
}