{
    "n18": [
        18,
        "Comb2",
        0.0,
        0.0,
        -183.33333333333334,
        0.0,
        0.0,
        0.0
    ],
    "n34": [
        34,
        "Comb2",
        0.0,
        0.0,
        -337.9393939393939,
        0.0,
        0.0,
        0.0
    ],
    "n50": [
        50,
        "Comb2",
        0.0,
        0.0,
        -154.72727272727272,
        0.0,
        0.0,
        0.0
    ],
    "n3": [
        3,
        "Comb2",
        0.0,
        0.0,
        -155.2,
        0.0,
        0.0,
        0.0
    ],
    "n19": [
        19,
        "Comb2",
        0.0,
        0.0,
        -324.1333333333333,
        0.0,
        0.0,
        0.0
    ],
    "n35": [
        35,
        "Comb2",
        0.0,
        0.0,
        -168.66666666666666,
        0.0,
        0.0,
        0.0
    ]
}