{
    "n18": [
        18,
        "mass",
        0.0,
        0.0,
        -94.79166666666667,
        0.0,
        0.0,
        0.0
    ],
    "n34": [
        34,
        "mass",
        0.0,
        0.0,
        -177.4810606060606,
        0.0,
        0.0,
        0.0
    ],
    "n50": [
        50,
        "mass",
        0.0,
        0.0,
        -82.72727272727273,
        0.0,
        0.0,
        0.0
    ],
    "n3": [
        3,
        "mass",
        0.0,
        0.0,
        -79.75,
        0.0,
        0.0,
        0.0
    ],
    "n19": [
        19,
        "mass",
        0.0,
        0.0,
        -170.04166666666666,
        0.0,
        0.0,
        0.0
    ],
    "n35": [
        35,
        "mass",
        0.0,
        0.0,
        -90.20833333333333,
        0.0,
        0.0,
        0.0
    ]
}